<?xml version="1.0" encoding="UTF-8" standalone="no"?>
<!DOCTYPE properties SYSTEM "http://java.sun.com/dtd/properties.dtd">
<properties>
<comment>no comment</comment>
<entry key="model_type">circle</entry>
<entry key="model_path">models/j2c.json</entry>
<entry key="id_product">374b</entry>
<entry key="device_number">6&amp;2e599bd4&amp;1&amp;0002</entry>
<entry key="model_increasing_value">200</entry>
<entry key="frequency_current">100</entry>
<entry key="colormap_model_path">colormaps/draeger-2009.json</entry>
<entry key="id_vendor">0483</entry>
<entry key="amplitude_current">1.0</entry>
</properties>
